id,customer_message,conversation_context,proposed_intent,human_intent,proposed_escalation,human_escalation,notes
g0004,@115888 it’s almost 2018.  When will you “allow” an Apple Watch app?  Its like you WANT us to quit and go to Apple Music. Pls get with it.,@724802 Hey there! Check out the official idea and add your vote to let our devs know it's something you'd like to see: https://t.co/SEK4E4gi22 /CG,device_platform,device_platform,AUTO_HANDLE,AUTO_HANDLE,Apple Watch platform support/feature request
g0005,"@SpotifyCares 
""Click to install new update""..... *spotify closes*...... 
now won't open or install.  
Not even after complete removal &amp; attempted web download. 
Suggestions? 
Windows 7 app https://t.co/tlqorQWLP1","@235099 Hey Christopher! Just to check, have you tried the steps here: https://t.co/PDA2aKzC6Q? They should help with this. Let us know if not /CO",app_crash_bug,app_crash_bug,AUTO_HANDLE,AUTO_HANDLE,Spotify closes and will not open/install on Windows 7
g0021,"@SpotifyCares have been using the free version for a while with no problems, soon as I pay for family premium Spotify stops every couple of songs. What's going on?","@547145 Hey there! Can you let us know your device, operating system, and Spotify version? We'll check it out /RC",billing_charge,playback_error,AUTO_HANDLE,AUTO_HANDLE,Playback stops every couple of songs; premium context is secondary
g0035,Someone hacked my Spotify account of 5+ years and replaced all my saved songs with Dutch grime and xxxtentacion songs...uhmmm help? @115888 @SpotifyCares,"@796170 Hey Denis, that's not cool! Can you DM us your account's email address or username? We'll take a look backstage /MT https://t.co/ldFdZRiNAt",account_login,account_login,ESCALATE,ESCALATE,Hacked account; unauthorized playlist changes
g0041,Someone hacked my Spotify and deleted all of my playlists... why would you do that to a person,"@763452 Hey, we’re sorry to hear that. Check out https://t.co/QHn3ok8y2n for what to do next. If there's anything else, feel to send a tweet our way /YM",account_login,account_login,ESCALATE,ESCALATE,Hacked account; playlists deleted
g0045,@SpotifyCares foreign speakers are showing up on my list of Available Devices on my Android Phone. Looked into it (https://t.co/ZKYj4SRsNb) and seems a common hack people do though not clear how to fix it. Please help,"@255063 Hi there. Thanks for bringing this up. To start, can you DM us your username or email address so we can pull up your account? /JU https://t.co/ldFdZRiNAt",account_login,account_login,ESCALATE,ESCALATE,Suspected account compromise/unrecognized devices
g0081,@115888 I don’t pay every month so you can restrict my music listening. Am I supposed to bring my Mac in the car for music? Nah fam. Get mobile Spotify working again. https://t.co/E3kJlTxeYw,@807295 Hey Devin! Everything should be running smoothly now. Let us know if this is still happening /GS,billing_charge,playback_error,AUTO_HANDLE,AUTO_HANDLE,Music listening is being restricted/stopping; billing is secondary
g0085,@SpotifyCares someone has hacked my spotify account. I refuse to pay for someone else to listen to music. It is very unprofessional that you do not provide a contact number. I had to make a Twitter account just to complain. Please contact me immediately and fix the problem.,@252233 Hi! We've just replied to your DM. Check your inbox /AP,billing_charge,account_login,ESCALATE,ESCALATE,Hacked account; possible unauthorized subscription usage
g0086,"@SpotifyCares It’s iOS, iPhone 6s. v8.4.28.1104. I’m sure it’s working as intended but just a comment about how the queue works :)","@250111 Got it. Can you log out, restart your iPhone, then log back in before checking one more time? Let us know how it goes /JU",playlist_library,playlist_library,AUTO_HANDLE,AUTO_HANDLE,Queue behavior feedback
g0087,@115888 why is it that when I click to watch the ad to get 30 minutes of ad-free music do I only get 18 and a half? Your ads tell me that I will get 30 minutes. If thats not the case then advertise for 18 and a half minutes of ad-free music instead of 30,"@232848 Hey there, that doesn't sound good! Did the app crash at any point during the 30 minutes? That can cause the ad-free time to reset. Let us know /TB",device_platform,premium_subscription,AUTO_HANDLE,AUTO_HANDLE,Complaint about ad-supported 30-minute ad-free benefit
g0095,"@SpotifyCares No it did nothing 😥 I also tried uninstalling, wiping the cache of the phone and reinstalling but it still crashes","@232854 Hmm, that's odd. Can you DM us your account's username and email address? Also, does the app crash any time other than when you try to create a new playlist? Let us know and we'll do some digging /MT https://t.co/ldFdZRiNAt",app_crash_bug,app_crash_bug,AUTO_HANDLE,ESCALATE,Persistent crash despite reinstall/cache clearing; support requests account investigation
g0097,"@SpotifyCares I mean, yeah, it usually does. The problem is that I'm trying to listen to a continuous playlist or album uninterrupted. It fixes the error but doesn't solve the problem.",@237284 Thanks for the heads-up. Could you try restarting your WiFi router to see if you can play your tracks and playlists smoothly? We'd also suggest trying different connections /MT,playlist_library,playback_error,AUTO_HANDLE,AUTO_HANDLE,Tracks/playlist playback interrupted
g0099,"@SpotifyCares I think my account has been hacked, someone keeps playing music using Spotiamb 0.2.1 as a device - what do I do to resolve?","@131451 Hey, we’re sorry to hear that. Check out https://t.co/iVpg60w61i for what to do next /JN",account_login,account_login,ESCALATE,ESCALATE,Suspected hacked account and unauthorized device playback
g0101,"@SpotifyCares iPad mini2, iPhone SE, both iOS 11.1.2 - but this issue is dated back before iOS 11 (hoped the updates will do something about it...) and it occures on both saved and streamed songs (either on WiFi or mobile). Desktop is fine.","@229357 Got it. Just to check, do the songs stop mid-track? Could you also let us know if Autoplay is enabled on your desktop: https://t.co/kiXUjgr1xh? /LS",device_platform,playback_error,AUTO_HANDLE,AUTO_HANDLE,Songs stop mid-track on iOS/mobile
g0107,@115888 my Spotify keeps jumping to play Drill Beats. Has my account been hacked?,@254901 Hey Kieren! Sorry for the delay. Can you DM us your account's email address? We'll take a look under the hood /KB https://t.co/ldFdZRiNAt,account_login,account_login,ESCALATE,ESCALATE,Suspected hacked account/unauthorized playback
g0119,@SpotifyCares my Spotify premium got hacked — got a notification that email address was changed. Sent u guys an email and u didn’t reply. Please rectify - I don’t want to cancel my subscription,@306497 Hey Paul! That doesn't sound right. Can you DM us your account's email address or username? We'll take a look backstage /KM https://t.co/ldFdZRiNAt,account_login,account_login,ESCALATE,ESCALATE,Account email changed after hack; cannot access account
g0135,"@SpotifyCares I have the family plan and a hacker has hacked me twice this past month. I changed my password, but this time they changed my log in info. I cant do a thing. I NEED HELP   https://t.co/8t2QYN8LtT   for id proof","@236874 Hey Nolan, that doesn't sound right! Can you DM us your account's username/email address? We'll check things backstage /JP https://t.co/ldFdZRiNAt",billing_charge,account_login,ESCALATE,ESCALATE,Hacker changed login information; account inaccessible
g0140,@SpotifyCares I wanted you to know that I don’t pay for music.,@132184 No worries. You could still enjoy Spotify while on our Free service. More info here: https://t.co/DDxx570cXi. Hope this helps /MU,billing_charge,premium_subscription,AUTO_HANDLE,AUTO_HANDLE,Question/information about Free vs paid service
g0149,"@115888 not that it wasnt my own damn fault but this is the 5th time this semester ive undownloaded my whole saved songs list accidentally... some kind of prompt along the lines of ""hey you sure you wanna delete all 967 songs rn?"" would be appreciated🙃",@723465 Hey there. We're sorry to hear that. Check out the steps under “Downloads unexpectedly removed” at https://t.co/38J7tFlIBF. They should help with this /QI,playlist_library,offline_download,AUTO_HANDLE,AUTO_HANDLE,Saved songs/downloads accidentally removed
g0153,@SpotifyCares I have my phone but it isn't ideal when listening to music at home. My fancy but ancient speakers don't work with it. Also I used to like if I had people round we could all add to the play queue. Phone isn't the same,"@230511 No worries! We hear you, and we'll pass your feedback on to our devs. For now, check out the official idea and add your comments here: https://t.co/4uPO8p8vHi. Any other questions, we're just a tweet away /JE",playlist_library,device_platform,AUTO_HANDLE,AUTO_HANDLE,Speaker/device compatibility and queue feature feedback
g0154,@SpotifyCares hi Spotify you've sent this link in an email to me to contact you so I'd thought I'd drop you a line. My premium account has been hacked and your customer service is nothing short of atrocious. I hope your night is going better than mine.,@786200 Hi Jason! We’re sorry to hear that. We'd suggest checking out https://t.co/QHn3ok8y2n for what to do next /DD,account_login,account_login,ESCALATE,ESCALATE,Premium account hacked; clear account compromise/security issue
g0158,"@115888 can’t pay because my visa was stolen and doesn’t work, having new sent to Thailand but now trapped in Bali due to volcano pls don’t cancel my premium 😭😭 blame the volcano and thieves",@796968 Hey there! We'd like to discuss your account in Private. Could you DM us your account's email address? We'll check backstage /GK https://t.co/ldFdZRiNAt,billing_charge,billing_charge,ESCALATE,ESCALATE,Payment method stolen/unavailable and premium payment issue requires private account handling
g0162,"Ok so that’s twice in the last week my library has deleted itself for no apparent reason, what’s going on pls @115888","@794172 Hey Ben, help's here! Could you DM us with your account's username and email address? We'll take a look backstage /TB",billing_charge,playlist_library,AUTO_HANDLE,ESCALATE,Library repeatedly deleted itself; recurring data loss and agent requests account details for investigation
g0172,@115888 App won't load on my Galaxy S8+. Bit naughty considering I pay for premium.,@795213 Hey there! Could you try uninstalling and reinstalling the app? Let us know how it goes /DF,billing_charge,app_crash_bug,AUTO_HANDLE,AUTO_HANDLE,App will not load on Galaxy S8+; standard troubleshooting is appropriate
g0192,"@SpotifyCares hey, I pay for spotify premium and every other week, sometimes twice a week all my music undownloads.","@181409 Hey there, sorry to hear that! Check out the steps under “Downloads unexpectedly removed” at https://t.co/EidIERWgLX. They should help with this /CG",billing_charge,offline_download,AUTO_HANDLE,AUTO_HANDLE,Downloaded music repeatedly disappears; matches downloads unexpectedly removed
g0193,"@SpotifyCares Why is my account suddenly paused  just a few days after i redeemed 3 months gift card? I can even see in my account details i redeemed that card, very convenient if you want to play music for your guests","@253497 Hi there, that doesn't sound good! Can you DM us your account's email address? We'll check under the hood /AK https://t.co/ldFdZRiNAt",premium_subscription,premium_subscription,AUTO_HANDLE,ESCALATE,Premium account unexpectedly paused after gift-card redemption; account-specific subscription investigation required
g0197,@SpotifyCares Sorry I meant more if I have music in my collection that’s not in yours. I know a few other services let you add it to the cloud to stream.,@189197 Got it. You can add them as local files by following the steps here: https://t.co/SgMwFS1ONz. We'll be right here if you have any other questions 👍 /DB,playlist_library,playlist_library,AUTO_HANDLE,AUTO_HANDLE,Asking about adding personal music/local files; informational feature question
g0003,"@SpotifyCares cant login, says country code doesnt match account. But its the same. In Canada,",@466176 Hey Frank! Help's here. Can you DM us your account's email address? We'll take a look backstage /MG https://t.co/ldFdZRiNAt,account_login,account_login,AUTO_HANDLE,ESCALATE,Cannot log in due to country-code/account mismatch; account-specific details are requested via DM
g0028,@SpotifyCares If I have a sub that ends in a month but i join my households fam plan do i still get charged for my last month of my previous subscription???,@223162 Hi there! Can you DM us your account's username and email address? We'll check it out and see what we can suggest /WW https://t.co/ldFdZRiNAt,billing_charge,billing_charge,ESCALATE,ESCALATE,Question about being charged during subscription/family-plan transition; billing/account-specific handling
g0037,"@115940 @115888 @hulu_support I should also mention that after this bundle was first launched, my payment plan apparently shifted to a normal $10 fee. I'm not sure when or why this happened but I had to manually switch it.","[Prior Context]: @115940 @115888 @hulu_support Upon getting the student bundle, I have not been able to use Hulu at all or connect it via spotify. These are the messages I get. When I go to my Hulu  account it still thinks I'm not connected. Whats going on? https://t.co/GrNRi64s20 | [Agent Reply]: @809285 Hey there! Can you DM us your account's email address? We'll take a look /RB https://t.co/ldFdZRiNAt",billing_charge,billing_charge,AUTO_HANDLE,ESCALATE,Unexpected  payment-plan charge after student bundle; explicit billing/payment issue requiring account investigation
g0053,@SpotifyCares you guys charged me for a students account which I hadnt finished signing up. I cancelled and exoted the screen in the middle of me signing up and I STILL GOT CHARGED. EXPLAIN THIS. https://t.co/nHmMfDaM1D,"@812748 Hi there. We suggest deleting your public post as it contains private info. We've sent a bit more info via DM. If you could check your inbox, that'd be great /AY",billing_charge,billing_charge,ESCALATE,ESCALATE,Charged despite incomplete signup and cancellation; disputed charge/refund issue
g0109,@117153 I've been paying $14.99 per month several months for what?? I can't access premium or downloads. I demand full refund since subscription commenced.,"[Prior Context]: All clear! Everything’s looking good again. Enjoy the tunes. | [Agent Reply]: @234229 Hey, that's not cool! Can you shoot us a DM with your account's username and email address? We'll check things out /DI https://t.co/ldFdZRiNAt",billing_charge,billing_charge,ESCALATE,ESCALATE,Paying for Premium without access and demanding a full refund; financial dispute
g0112,@115888 Can you please update us on how long these problems will take to fix? I still can't log in due to them :/,@137386 Hey! Thanks for letting us know. Everything’s looking good on our end now - are you still having this issue? /NQ,account_login,account_login,AUTO_HANDLE,AUTO_HANDLE,Login problem and request for status/update; no security or financial risk indicated
g0145,@SpotifyCares I want to stop my monthly payments to you because I recently bought a car and I need to save my money for payments for that. Also I dislike how have I to air my problems this way.,"@818862 Hi Juliana, help's on the way! Could you DM us your email and username? We'll get things taken care of /JQ https://t.co/ldFdZRiNAt",billing_charge,billing_charge,AUTO_HANDLE,AUTO_HANDLE,Wants to stop monthly payments/cancel subscription; routine cancellation request
g0165,"@SpotifyCares When I try to login to my account on a Desktop PC, it tells me I don't have an account linked to my Facebook profile. Then when I try to reset my password, it tells me to sign in with Facebook?",@796173 Hey Eric! Can you DM us your account's email address or username? We'll take a look /NS https://t.co/ldFdZRiNAt,account_login,account_login,AUTO_HANDLE,AUTO_HANDLE,Facebook-linked login/password-reset problem; standard account-login troubleshooting
g0188,@SpotifyCares I updated my subscription and credit card got charged but my premium subscription still paused. can you help?,@777594 Hi there! Can you DM us your account's email address or username? We'll take a look backstage /NQ https://t.co/ldFdZRiNAt,billing_charge,billing_charge,AUTO_HANDLE,ESCALATE,Card charged but Premium remains paused; payment completed but subscription state is incorrect and needs account investigation
g0190,@SpotifyCares Not really I actually think over all the app is shit. There’s not enough options. You can’t skip the songs you want without paying 9.99 a month which is disgusting.... frankly it’s not worth the space on my phone.... waste of time and money.,@236078 We hear you loud and clear! We can’t make any promises but we’ll pass your feedback onto the right folk /CG,billing_charge,premium_subscription,AUTO_HANDLE,AUTO_HANDLE,"Complaint about Free/Premium limitations and pricing; general product feedback, not a specific billing dispute"
g0010,"My first full month of @115888 premium and all my downloaded music has gone.

You're not selling this well so far.","@811289 Hey Kevin, sorry to hear that! Check out the steps under “Downloads unexpectedly removed” at https://t.co/EidIERWgLX. They should help with this /PL",premium_subscription,offline_download,AUTO_HANDLE,AUTO_HANDLE,Downloaded music disappeared; directly matches downloads unexpectedly removed
g0011,.@SpotifyCares Please could you help? None of my music will play and it’s set to “offline” I listen to my music on the go all the time and have never had this problem. It’s just stopped becoming available. Has my music just...un-downloaded itself? 😞,"@800445 Hey Kaysha, sorry to hear that. Check out the steps under “Downloads unexpectedly removed” at https://t.co/38J7tFlIBF. They should help with this. Let us know if there's anything else /AY",offline_download,offline_download,AUTO_HANDLE,AUTO_HANDLE,Offline music became unavailable/possibly undownloaded; matches download-removal troubleshooting
g0036,"@SpotifyCares pls help me, I just purchased premium, but the Behind Lyrics doesn't appear when I play one of the songs. I thought its because the device I have, Android. Bcs I logged in into iPhone, the Behind Lyrics appear. Thanks.","@132495 Hey, sorry for the confusion! We're afraid Behind the Lyrics is only available for iPhone 5 or above at this time. If you need anything else, give us a shout /TR",premium_subscription,device_platform,AUTO_HANDLE,AUTO_HANDLE,Behind Lyrics works on iPhone but not Android; device/platform availability issue
g0054,@SpotifyCares We just switched over from apple music to spotify. We have a Premium Family account. I have tried to block explicit content (obviously we have young children - being a FAMILY account...) but can't seem to find a way to do it. Can you please help??,"@808050 Hey Trish, we hear you! There isn't currently a explicit music filter. To help make it happen, we’d recommend showing your support for the idea here: https://t.co/CdI1SY9KZE. Give us a shout if you need anything else, we'll get back to you in a beat 🥁 /ZO",premium_subscription,premium_subscription,AUTO_HANDLE,AUTO_HANDLE,"Family Premium feature question about explicit-content filtering; informational/product guidance, no account risk"
g0056,@115888 stop playing your suggested music in the middle of my playlists. I want to listen to my music not whatever you come up with. For everyone one song I have in my playlist I hear three reccomnended ones that I can’t skip bc I can’t afford premium. Sick of it,"@801527 Hey Lauren! To reduce the number of Suggested Tracks you get, try adding more artists into your playlists. This should do the trick /MX",premium_subscription,premium_subscription,AUTO_HANDLE,AUTO_HANDLE,Complaint about Free-tier suggested tracks and inability to skip; primarily about Premium limitations
g0066,"ok @115888 20 msgs, 10 customer serv reps, 6 weeks later, you still havent taken care of my hacked account nor successfully transfer my hacked account to my new account like you promised, includ. my Premium membership. You’d think you’d want to take my money at the very least","@126139 Hey Jessie! Don't worry, our Accounts team is currently looking into your case. If there's anything at all that we can help with, just send us a DM. We'll see what we can do /KT",billing_charge,account_login,ESCALATE,ESCALATE,Explicit hacked-account case with failed account transfer and unresolved Premium access; security/account compromise requires escalation
g0091,@SpotifyCares I can't find that option. I've checked and my Sonos app is up to date. I've removed and then re authorised Spotify as a music service. All no joy.,"@135361 Just to check, have you tried using a different device to control your Sonos speaker? Did the same issue happen? /NG",content_unavailable,device_platform,AUTO_HANDLE,AUTO_HANDLE,Sonos connection/control issue after troubleshooting; device/platform integration problem
g0093,@SpotifyCares When using connect with TV it always gets out of sync. It’s actually playing song 2 on playlist but tv and computer both show playing song 3 https://t.co/awwoKWGgrS,"@19263 Hi Talia, help's here! What app version is your MacBook Air running? Does this happen when any other devices are connecting to the TV? /T",playlist_library,device_platform,AUTO_HANDLE,AUTO_HANDLE,Spotify Connect with TV is out of sync across devices; device/platform synchronization issue
g0103,@115888 my music is taking 3+ minutes to download one song. I have 900. Help!,"@797217 Hey Regan, help's here! Just to check, is this happening over 3G/4G, WiFi, or both? /CH",offline_download,offline_download,AUTO_HANDLE,AUTO_HANDLE,Songs are taking several minutes to download; download performance/troubleshooting issue
g0130,@SpotifyCares I got locked out of my account because of a paypal issue. Help! I need my music!,"@252235 Hey, we’re sorry to hear that. Check out https://t.co/xRolkgjYXe for what to do next /NQ",account_login,account_login,AUTO_HANDLE,ESCALATE,Account locked due to payment-provider issue; access is blocked and account-specific investigation is required
g0144,Spotify removed like half of my music from my downloads and I’m so mad i never wanna listen to music ever again wow. @115888 fuck off.,"@226967 Hey, help's here! Check out the steps under “Downloads unexpectedly removed” at https://t.co/EidIERWgLX. They should help with this /PK",content_unavailable,offline_download,AUTO_HANDLE,AUTO_HANDLE,Downloaded music disappeared; directly matches downloads unexpectedly removed
g0167,@SpotifyCares hi I bought family premium. I have Spotify on my phone but my son's play store says it's not available in his country yet we live in the same house let alone country,"@250952 We're afraid paying earlier than your renewal date isn't possible. No worries, you can suggest it in our Community where you can get support from other fans: https://t.co/D6JsbrPT3P. On another note, can you check if your son's Play Store has the right country settings? /XF",premium_subscription,device_platform,AUTO_HANDLE,AUTO_HANDLE,Spotify availability differs between devices/country settings; Play Store/device compatibility issue
g0168,"@SpotifyCares Hey guys! I have a query relating to a release date bug on the latest macOS client. Everything updated, fresh install. Has been persisting for about a month. Shows the correct year on artist page but then one year off on album page. See pics for details. TIA :) https://t.co/QYPvIJxCqT","@256475 Thanks for reporting. Everything should be running smoothly now. Can you log out then reinstall the app? Then, try to open https://t.co/nZ3VvqkZIv. Give us an update! /MS",app_crash_bug,app_crash_bug,AUTO_HANDLE,AUTO_HANDLE,Persistent macOS client release-date display bug; software bug with standard troubleshooting
g0181,@SpotifyCares Please fix the issue where offline music is randomly deleted. It's a big problem whilst travelling.,"@803339 Hey, that's not cool! Can you DM us your account's username or email address? We'll see what's happening backstage /JM https://t.co/ldFdZRiNAt",offline_download,offline_download,AUTO_HANDLE,AUTO_HANDLE,Offline music randomly deleted; matches downloads unexpectedly removed
g0195,"@SpotifyCares I can't select my #Sonos speaker (Office) in the ""Devices Available"" menu and can't play #Spotify to it anymore since Sonos removed Spotify from their music services menu. What do I do?
[MacOS 10.11.6, Spotify 1.0.68.407.g6864aaaf Sonos 8.2.1] https://t.co/ed73b93LfE","@794904 Hey, the cavalry's here! Could you head over to your account's Approved applications at https://t.co/PORH7knOMj and check if Sonos is on the list? If so, try tapping “Revoke Access”. Then, approve access for Sonos again. Let us know if that makes any difference /JZ",content_unavailable,device_platform,AUTO_HANDLE,AUTO_HANDLE,Sonos speaker cannot connect/use Spotify after service-menu change; device/platform integration issue
g0016,@SpotifyCares I was listening to a particular mix already established and then all of a sudden it disappeared. Super frustrating.,"@795909 Sorry to hear this. Currently, there’s no way to retrieve previous mixes. Be sure to save your favorite tracks. If there's anything else that we can help you with, just give us a shout /CH",playlist_library,playlist_library,AUTO_HANDLE,AUTO_HANDLE,Previously established mix disappeared; playlist/library content issue with known product limitation
g0022,So @115888 is a little broken at the moment but you can get our record on @115948 or @118721 too! https://t.co/eoWnHPpj9n,"@808383 Hi there, thanks for bearing with us! We had a little hiccup earlier, but everything should be running just fine now /JS",app_crash_bug,app_crash_bug,AUTO_HANDLE,AUTO_HANDLE,"User reports Spotify is temporarily broken; general app/service issue, with agent indicating known hiccup"
g0047,"@SpotifyCares Windows 10, Google Chrome.",@139555 Thanks for the info. Can you try using an incognito/private window? Let us know if that helps /CE,device_platform,device_platform,AUTO_HANDLE,AUTO_HANDLE,Windows 10 and Chrome are provided as troubleshooting environment details; no escalation risk
g0075,@SpotifyCares it is necessary to clear the cache,@155909 Thanks for the feedback – we appreciate it! We’ll get this passed onto the right team /LO,offline_download,app_crash_bug,AUTO_HANDLE,AUTO_HANDLE,"Cache-clearing question/feedback relates to app troubleshooting; no account, billing, or security risk"
g0096,"@SpotifyCares Nope, doesn’t work 😔 I’m able to log on with my Facebook, but after that it just gives the same error.",@156297 Hmm. Could you send us your account's username or email address via DM? We'll take a look under the hood /LP https://t.co/ldFdZRiNAt,app_crash_bug,account_login,AUTO_HANDLE,AUTO_HANDLE,Facebook login succeeds but same account error persists; login/authentication troubleshooting
g0102,"@SpotifyCares Windows 10
Spotify 1.0.68.407",@226518 Thanks! Could you try logging out &gt; restarting your device &gt; logging back in to see if it helps? Keep us posted /AR,device_platform,device_platform,AUTO_HANDLE,AUTO_HANDLE,Windows 10 and Spotify version are environment details for troubleshooting; device/platform context
g0123,@SpotifyCares spotify 8.4.28 ios 11.1,"@822220 Thanks. Is this happening over WiFi, 3G/4G, or both? If on WiFi, is it a private or public connection? /LO",device_platform,device_platform,AUTO_HANDLE,AUTO_HANDLE,iOS/Spotify version information supplied for troubleshooting; device/platform context
g0163,"@SpotifyCares Here, saved you some work:

/^[(]{0,1}[0-9]{3}[)]{0,1}[-\s\.]{0,1}[0-9]{3}[-\s\.]{0,1}[0-9]{4}$/","[Prior Context]: @SpotifyCares You can solve this issue with a regex and one line of code, it's not that hard. What possible reason could there be for you to allow users to include full phone numbers in their accounts? What is the use case for that? | [Agent Reply]: @230869 We appreciate your concerns, here. Rest assured, the Community team are currently on the case. Once we have an update, it'll be shared in the link we sent you in our previous tweet. In the meantime, if you need anything else - just shout! /K",playlist_library,account_login,AUTO_HANDLE,ESCALATE,Context concerns users entering full phone numbers/account data; privacy/security concern requires human handling
g0174,@SpotifyCares Sonos Play:1,"@237285 Got it. Just to clarify, did you have the shuffle feature toggled on when the issue happened? /MT",device_platform,device_platform,AUTO_HANDLE,AUTO_HANDLE,Sonos Play:1 device context for troubleshooting; no escalation risk
g0006,"@115888 Love you guys, but did you really have to undownload all my music randomly? And then immediately hit me with an ad asking me to renew for a year haha? Bad timing on your part.",@237679 Hey Eddie. Sorry to hear that. Check out the steps under “Downloads unexpectedly removed” at https://t.co/EidIERWgLX. They should help with this /QI,playlist_library,offline_download,AUTO_HANDLE,AUTO_HANDLE,"Downloaded music was unexpectedly removed; matches downloads unexpectedly removed, with Premium complaint secondary"
g0007,"@SpotifyCares Thanks for response! The app says that music is playing, but no sound comes out. I have to restart to make it work again.",@135367 Gotcha. Can you try reinstalling the app using the steps here: https://t.co/PDA2aKzC6Q? Let us know how it plays out /LM,playback_error,playback_error,AUTO_HANDLE,AUTO_HANDLE,Music shows as playing but produces no sound and requires restart; playback issue
g0009,"@spotifycares why do this always appear ""Oops, seems the credit on your prepaid card is insufficient. Please try again or use another payment method."" Even if I have PhP 130 balance on my SIM, I'm using mobile payment. Please respond immediately, thanks!","@791704 Hi Marc! Don't worry, we'll sort this out. Could you send us a DM with your account's email address? We'll check under the hood /NJ https://t.co/ldFdZRiNAt",billing_charge,billing_charge,AUTO_HANDLE,ESCALATE,Payment method is being rejected despite available balance; account/payment-specific investigation is required
g0012,@SpotifyCares so I have a premium student account and Hulu is saying it's having trouble authorizing my Spotify account?,@242765 Hey Sarah! Can you DM us your account's email address or username along with a screenshot of the exact error message? We'll take a look backstage /KM https://t.co/ldFdZR1cbT,premium_subscription,premium_subscription,AUTO_HANDLE,ESCALATE,Premium Student account cannot authorize with Hulu; account-specific subscription/bundle issue requiring investigation
g0015,"@126761 But unfortunately it doesn't work for me. It says ""Sorry, couldn't find that"". Maybe it's not available worldwide. please could you fix it? I wanna listen to this interview","[Prior Context]: @243843 https://t.co/jUvxMm2s1a | [Agent Reply]: @243843 Hey there! There might be some restrictions based on your current location, but not your Spotify account’s country. No worries, your feedback matters, and we'll have this passed on to the right folks. Let us know if you have more questions 🙂 /MS",content_unavailable,content_unavailable,AUTO_HANDLE,AUTO_HANDLE,Specific interview cannot be found/available in the user's location; content availability issue
g0017,@SpotifyCares So i was updating my iPhone when you responded and I guess that’s what it was. It was 1 version behind. I am so sorry for wasting your time!!,@812999 No worries! Just give us a shout if the problem persists. We're... https://t.co/zOXI69QSqg /PB,device_platform,device_platform,AUTO_HANDLE,AUTO_HANDLE,Issue was resolved by updating the iPhone; device/software version issue
g0018,"@117153 hi i have sign up under premium but cant download anything, it require me to re-do it again pls help to check :)",@258104 Hey there! Can you fire over your account's email address or username via DM? We'll see what we can suggest /RC https://t.co/ldFdZRiNAt,premium_subscription,offline_download,AUTO_HANDLE,ESCALATE,Premium account cannot download and repeatedly requests setup; account-specific Premium/download access issue requires investigation
g0019,"@117153 Hi there. I'm being charged for Premium Spotify, but my account is not showing anything so i can't cancel. I tried my other emails and they're not showing any Spotify associated with them. My account is __email__","@475400 Hey Fran! Help's here. For security reasons, we'd suggest deleting the tweet that contains your email address. Could you send us a DM instead? We'll be keeping an eye out for it /RA https://t.co/ldFdZRiNAt",billing_charge,billing_charge,ESCALATE,ESCALATE,Being charged for Premium but account cannot locate the subscription or cancel it; billing/account investigation required
g0020,@SpotifyCares I updated my payment method and it took the $4.99 out of my bank account but my premium still isn't working..,"@803982 Hey there, help's here! Could you DM us your account's username and email address? We'll check it out /DQ https://t.co/ldFdZRiNAt",billing_charge,billing_charge,AUTO_HANDLE,ESCALATE,Payment was successfully taken but Premium is still inactive; payment/subscription state requires account investigation
g0023,"@SpotifyCares Only 70% of my library was deleted this time so we're making progress, but it's still an issue. https://t.co/1ROB3b3f5E","@222234 Hey Anthony, sorry to hear that! Check out the steps under “Downloads unexpectedly removed” at https://t.co/EidIERWgLX. They should help with this /LO",playlist_library,offline_download,AUTO_HANDLE,AUTO_HANDLE,Large portion of downloaded library was deleted; matches downloads unexpectedly removed
g0026,"Hi, @115888 gentlemen it's been 2 weeks since the premiere of the #reputation and know, when will be put this magnificent art of music in its platform had understood that they were in denial with @118062 me as a premium user I have the right to know #Swifties","@417474 Hey Brandon! We’ll have it available to you as soon as it’s available to us. For now, check out the singles: https://t.co/3h0TnPWP0c /JC",premium_subscription,content_unavailable,AUTO_HANDLE,AUTO_HANDLE,Asking when a specific album/release will become available on Spotify; catalog availability question
g0027,@115888 @SpotifyCares Can we get an update on this Spotiamb 0.2.1 thing that keeps taking over streams? It is really irritating to have your music pausing several times an hour. It’s also a little concerning that you guys don’t seem to have any input on this.,"@807280 Hey, we’re sorry to hear that! Check out https://t.co/QHn3ok8y2n for what to do next /RB",playback_error,playback_error,AUTO_HANDLE,AUTO_HANDLE,Streams repeatedly pause due to an identified app issue; standard troubleshooting/known-issue response
g0029,@117153 I have just paid for the premium but still gives me the free subscription,[Prior Context]: We're investigating some payment issues and working hard to get things fixed. We'll provide updates here as we receive them. | [Agent Reply]: @795557 Hey Jelly! Can you DM us your account's email address? We'll check things out /KC https://t.co/ldFdZRiNAt,billing_charge,billing_charge,AUTO_HANDLE,ESCALATE,Premium was paid for but account still shows Free; payment/subscription mismatch requires investigation
g0030,"Over 10 ads in a row, really? @115888 that’s not the way to convince me to go premium.","@657844 Hey! Thanks for your feedback - we'll pass it on. For now, check out https://t.co/WB5TSxRfDe if you haven't had a subscription before /NJ",premium_subscription,premium_subscription,AUTO_HANDLE,AUTO_HANDLE,Complaint about excessive ads and motivation to upgrade; general Free/Premium feedback
g0031,@SpotifyCares There's no problem now. Once I've crashed out of windows and rebooted it works OK. But I have had this happen 3 or 4 times always when starting up the desktop app.,@802997 Okay. Best thing to try next is a reinstall. Just follow the steps at https://t.co/EqisDMwZAT. Let us know if you're still experiencing issues /AL,device_platform,app_crash_bug,AUTO_HANDLE,AUTO_HANDLE,Desktop app repeatedly crashes during startup but recovers after reboot; recurring app crash issue
g0033,@SpotifyCares just sign up for the premium after Logging in seem is not can’t play any song like .,"@127867 Hey Jonathan, help's here! Can you DM us your account's username and email address? We'll check it out 🔍 /TR https://t.co/ldFdZRiNAt",premium_subscription,playback_error,AUTO_HANDLE,AUTO_HANDLE,"After signing up for Premium, songs cannot be played; playback problem is the immediate blocker"
g0034,"@115888 I can't get spotify to play any songs. I was playing one, tried to skip it but then it just wouldn't play any songs at all.","@233340 Hey Melanie, help's here. Can you let us know the device, OS, and Spotify version you're using? We'll see what we can suggest /KL",playback_error,playback_error,AUTO_HANDLE,AUTO_HANDLE,Spotify stopped playing songs after skipping; clear playback failure
g0038,"@115888 @SpotifyCares MAJOR Question: There is a lot of talk online about the Snowy app for Apple Watches. Has there been any development on that app? I love Spotify, but this lack of offline music is turning away many of your regular users. Any updates?","@417449 We hear you, Caleb! We don't have any info on this right now, but check out the official idea here: https://t.co/SEK4E4gi22. Add your vote to let our devs know it's something you'd like to see /CO",offline_download,device_platform,AUTO_HANDLE,AUTO_HANDLE,Asking about Apple Watch app/offline support; platform-specific feature availability question
g0039,@SpotifyCares i recently got charged 3 times when i only agreed for 1 payment,"@794891 Hey, help's here! We've just sent you a DM. Check your inbox /RH",billing_charge,billing_charge,AUTO_HANDLE,ESCALATE,Customer reports being charged three times for one payment; clear duplicate-charge financial dispute
g0042,Hello @SpotifyCares! My account has been hacked. Got an email telling me my email has changed and I can't log in anymore. I already messaged you earlier. Please look into it and reply asap! I want my spotify!!! Tnx,@260716 Hey there! We've just replied to your DM. Check it out /DB,account_login,account_login,ESCALATE,ESCALATE,"Account explicitly hacked; email and login credentials were changed, so this is an account-security compromise"
g0043,@SpotifyCares I was charged for a subscription I wasn’t eligible for. It was the student membership.,@278001 Hi there! Help's here. Can you DM us your account's username or email address? We'll check things backstage /MU https://t.co/ldFdZRiNAt,billing_charge,billing_charge,AUTO_HANDLE,ESCALATE,Customer was charged for a student subscription they were not eligible for; disputed/incorrect charge requires billing investigation
g0044,"@SpotifyCares Hi there! I’ve been on the family plan but I have been charged an extra 10$ a month just for me. I cancelled my last plan, but it’s still charging. How can I fix this?",@796980 Hey there! Can you DM us your account's email address? We'll check things out /KC https://t.co/ldFdZRiNAt,billing_charge,billing_charge,AUTO_HANDLE,ESCALATE,Customer is being repeatedly charged an extra  despite cancelling the previous plan; clear ongoing billing issue
g0046,@SpotifyCares Also the same thing that i get when i try to upload music,@175357 Hmm. Could you DM us your contact email address? We’ll chase this up! /LS https://t.co/ldFdZRiNAt,playback_error,playlist_library,AUTO_HANDLE,AUTO_HANDLE,Context is about uploading music and the customer reports the same issue; closest taxonomy fit is playlist/library or local music functionality
g0049,@SpotifyCares is there a bug because everytime I play a video while I’m listening to Spotify it goes off like normal but when I close the video and Try to turn the music back on it says it’s playing but there won’t be any sound,"@253236 Hey Chris! The cavalry's here. Can you let us know the make/model of your device, as well as the operating system and Spotify version you're using? We'll see what we can suggest /KB",app_crash_bug,playback_error,AUTO_HANDLE,AUTO_HANDLE,Music appears to play but produces no sound after returning from a video; clear playback/audio failure
g0050,"@SpotifyCares I need help resetting my password. I think someone hacked my account and changed it, but I was still able to log in through Facebook",@139567 Hi Lance. Can you DM us your account's email address? We'll take a look backstage /LM https://t.co/ldFdZRiNAt,account_login,account_login,ESCALATE,ESCALATE,Customer suspects account hack and password was changed; security/account compromise requires escalation
g0057,"@SpotifyCares Why show that my playlist has followers if I can't see who the followers are? Just remove the follower count, it doesn't matter and it makes it pointless. Obviously there's some common musical interests but there's no connect so doesn't matter.","@254908 We hear you 🎧 Rest assured, your feedback will be passed on to the right folks /JS",playlist_library,playlist_library,AUTO_HANDLE,AUTO_HANDLE,Feedback about playlist follower visibility; playlist feature/product feedback
g0058,"Hey @SpotifyCares, I got this message. Uninstalled, re-downloaded and re-installed and it happened it again. https://t.co/RBRdDUf2qf",@253243 Hey there! The cavalry's here. Does restarting your PC make any difference? Can you let us know the Windows and Spotify version you're using? We'll see what we can suggest /KB,offline_download,app_crash_bug,AUTO_HANDLE,AUTO_HANDLE,"Issue persists after uninstall/reinstall and troubleshooting on Windows; software/app issue, but no security or financial risk"
g0063,@SpotifyCares hello. My app won't connect to Sonos. Tried reauthorizing the account and reinstalling the app.,"@251263 Hi Brian! Can you DM us your account's email address or username? Also, let us know your devices' make/model, operating system, and Spotify version? We'll take a look /GT https://t.co/ldFdZRiNAt",device_platform,device_platform,AUTO_HANDLE,AUTO_HANDLE,Spotify cannot connect to Sonos despite reauthorization/reinstall; device/platform integration issue
g0065,@SpotifyCares Hi. Signed up for family account. My girlfriend has signed up too. But only has option for 7 days free premium. Have we registered wrong?,"@805586 Hey Stuart, help's arrived! Can you send us a DM with yours and your girlfriend's username and email address. We'll check things out backstage 🔍 /DI https://t.co/ldFdZRiNAt",premium_subscription,premium_subscription,AUTO_HANDLE,ESCALATE,Family-plan member is incorrectly seeing only a 7-day Premium trial; account-specific subscription eligibility/setup needs investigation
g0067,"@SpotifyCares Logged into my account after a couple years, my password, email, area code, country, have all been changed and are linked to my facebook account. I looked at the support page but all lead back to email or password which I have access to neither now. Help please, ty.","@253234 Hi there, we’re sorry to hear that. Check out https://t.co/iVpg60w61i for what to do next /AK",account_login,account_login,AUTO_HANDLE,ESCALATE,"Password, email, country and other account details were changed and user cannot access the account; clear account compromise"
g0068,"Bye @115888 , you can’t even process my payment 😫 @115948 sorry it took me long to come to my senses",@794894 Hey Denisse! Are you getting any specific error messages? Can you DM us your account's email address? We'll check things out /KC,billing_charge,billing_charge,AUTO_HANDLE,ESCALATE,Payment cannot be processed and requires account/payment investigation; customer is unable to complete payment
g0069,"@SpotifyCares Like I say, my speaker is visible, but when I click on it, the app just goes back to the song screen and doesn't switch to the speaker... https://t.co/7k5oCPmc45","[Prior Context]: @SpotifyCares Android version 7.0 on Galaxy S8, app version... https://t.co/70HTRPfj9p | [Agent Reply]: @135361 Just to confirm, were you able to do a clean reinstall as suggested? /NG",device_platform,device_platform,AUTO_HANDLE,AUTO_HANDLE,Speaker is visible but Spotify cannot switch playback to it; device/platform connection issue
g0071,@SpotifyCares Will Spotify ever get two factor authentication. I had my account hacked today and I'd rather have something stronger than just changing the password.,"@259185 Hi, help's here! Can you DM us your account's email address? We'll take a look backstage /DV https://t.co/ldFdZRiNAt",account_login,account_login,ESCALATE,ESCALATE,Customer reports account was hacked and asks about stronger account security; active security concern requires escalation
g0072,"@SpotifyCares i’m using windows 7 on desktop, and everytime i try to open the program is gives me this, which only started happening 2 days ago. i do reinstall it like it says but i have to reinstall everytime i want to turn on my computer https://t.co/A4DSWkXDOR","@251614 1. Hey there! Can you try right clicking your task bar &gt; Start Task Manager &gt; Processes, and then end any processes by Spotify. Afterwards, delete the Spotify folders found in C:\Users\USERNAME\AppData\Roaming and C:\Users\USERNAME\AppData\Local",device_platform,app_crash_bug,AUTO_HANDLE,AUTO_HANDLE,Desktop Spotify repeatedly fails at startup and requires reinstall each time; recurring application bug
g0073,@SpotifyCares @118266 I'm using older version of spotify 8.4.226.770 on Android 4.4.2 and latest version of spotify 8.4.28.875 on Android 7.1.2 please help!,[Prior Context]: This is spotify on my other device older version but it allow me to choose where i want to store my music data https://t.co/XtEL7CXRCt | [Agent Reply]: @364815 Hi Jim! Help's here. Can you DM us your account's username or email address? We'll check things backstage /MU https://t.co/ldFdZRiNAt,device_platform,device_platform,AUTO_HANDLE,AUTO_HANDLE,Customer provides Android versions and Spotify versions for device troubleshooting; platform/version compatibility context
g0076,"@115888 @SpotifyCares @112775 - Hi, any chance of Agony and Irony being added onto the library? Thank you :)",@812738 Hey there! We’ll have it available to you as soon as it’s available to us. https://t.co/1dgftcFtzc /PL,playlist_library,content_unavailable,AUTO_HANDLE,AUTO_HANDLE,Customer asks whether specific music will be added to Spotify; catalog/content availability question
g0077,"Any Spotify artists know how to find out what @115888 playlists their music's being featured on? 🙏🏾 25% of my plays are comin from Spotify playlist but I can tell which ones! 😨
#StayWavy 🌊🏄🏽","@806963 Hey Cee, that's not cool! You can contact our Artist team here: https://t.co/p1wbtdELHu. If you've reached out, DM us your email address &amp; we'll chase it up /JK",playlist_library,playlist_library,AUTO_HANDLE,AUTO_HANDLE,Artist asks which Spotify playlists feature their music; playlist-related informational question
g0078,"Got a new phone and Spotify won’t let me log in using my email or with Facebook! Please help, @SpotifyCares @115888 @117168",@306505 Hi Jacqueline! Can you DM us your account's email address? We'll check backstage and see what we can suggest /NY https://t.co/ldFdZRiNAt,account_login,account_login,AUTO_HANDLE,AUTO_HANDLE,Cannot log in after getting a new phone; standard login troubleshooting with no security indication
g0079,@115888 Not true. I downloaded Spotify and theres no free songs to download. Just to let u know,"[Prior Context]: Instant access to millions of songs. | [Agent Reply]: @792505 Hey there! Allow us to clear things up. With Spotify Free, you'll be able to access and stream all the songs in our catalog, but you'll be unable to download them for offline listening. There's more info about our subscription options here: https://t.co/yhxGR83lPs /DB",offline_download,offline_download,AUTO_HANDLE,AUTO_HANDLE,Customer expects free Spotify to support downloading songs; informational question about offline downloads and subscription limits
g0080,"@SpotifyCares tried to buy a premium gift card but after I entered the e-delivery details and hit continue, the page just refreshed w/o taking me to a payment page. Help?","@251264 Hey Natalie, help's here! Can you try using a different browser or an incognito window? Clearing your browser's cache and cookies might also help. Let us know how it goes /GS",billing_charge,billing_charge,AUTO_HANDLE,AUTO_HANDLE,Gift card purchase failed to load checkout page; browser troubleshooting
g0082,"@115888 Anytime I log into my account on a tablet it says I have a free account, but on my phone/computer it's premium. How do I fix this?!",@255584 Hey! Can you DM us your account's email address or username? We'll take a look backstage /KM https://t.co/ldFdZRiNAt,premium_subscription,premium_subscription,AUTO_HANDLE,ESCALATE,Tablet shows Free status while other devices show Premium; subscription synchronization requires account investigation
g0083,"@115888 your app just offered me a year of premium for $99. Clicking the link brings me this page that repeats the offer, but gives no way to buy. Help? https://t.co/Xh0kg167jJ",@259548 Hey there! Help's here. Can you try this link instead: https://t.co/qd7DcBQ2ie? Let us know how it goes /PB,premium_subscription,premium_subscription,AUTO_HANDLE,AUTO_HANDLE,Annual Premium promotional offer link not working; guidance with alternate link
g0088,"@SpotifyCares I can't seem to delete a playlist, and it's not available either? But it won't go from my playlists bar...","@823707 Hey! Can you let us know the device, operating system, and Spotify version you're running? We'll see what we can suggest /KM",content_unavailable,playlist_library,AUTO_HANDLE,AUTO_HANDLE,Unable to delete playlist from client; library management troubleshooting
g0089,@115888 any progress on getting @19106 velvet album back? I sure am missing listening to that album. There are also one or two songs from various other artists that are unavailable as well. What’s the deal?,@212631 Hey Marianne! We're afraid we don't have any info on this right now. Licensing agreements can affect music availability. Fingers crossed we'll be able to have it available to you again soon /NS,content_unavailable,content_unavailable,AUTO_HANDLE,AUTO_HANDLE,Inquiring about missing artist album and licensing availability; catalog availability limitation
g0092,"@SpotifyCares Galaxy note 5-android, hp spectre x360-windows, and spotify versions are up to date on both","@798430 Thanks. Can you log out, restart the device, then log back in before checking again? By the way, do you notice if this happens on a specific track? /JU",device_platform,device_platform,AUTO_HANDLE,AUTO_HANDLE,Device models and OS provided for playback troubleshooting; device/platform context
g0104,@116130 why am i being charged twice. One payment of 9.99 and one of 4.99 (as im a student),"@235101 Hey Toby, help's here! Can you DM us your account's username and email address? We'll check it out 🔍 /TR https://t.co/ldFdZRiNAt",billing_charge,billing_charge,ESCALATE,ESCALATE,Charged twice (.99 and student .99); double billing dispute requires account investigation
g0105,"@SpotifyCares here we are 3 weeks later! what's the word? when do we get Alexa/Echo multiroom? Or if not, why not? Legal issues? @118117 getting upset with you? You just asked me to reup for a year for $100 and @115821 is making it real easy to quit you and move on - tell me why I shouldn't?","@259950 We're afraid we don't have any further info to share at the moment, but you can show your support for the idea here: https://t.co/PimjmzJIXs /DB",device_platform,device_platform,ESCALATE,AUTO_HANDLE,Feature request for Alexa/Echo multi-room audio support; platform capability guidance
g0106,"@121907 What about the ""Radio"" function on Thailand Premium?? Do we know when Thailand will introduce it? I have been waiting for months!!!????? https://t.co/Bo3wrqkzeD","[Prior Context]: สิงโต นำโชคมีข้อความมาฝาก พร้อมกับแนะนำเพลงใหม่ของเขา เพลง ""ต๊อก"" อย่าลืมไปฟังเพลงนี้กันเยอะๆนะ
https://t.co/7r0pP1X8Ua https://t.co/BU35PuwLwg | [Agent Reply]: @785569 Hey there! We've just sent a DM your way. Feel free to check it out /AK",premium_subscription,premium_subscription,AUTO_HANDLE,AUTO_HANDLE,Inquiry regarding Radio feature availability on Thailand Premium; regional feature availability guidance
g0108,@SpotifyCares I’m a premium acct and I got a message saying I need to update CC info but no where to do it in app or contact help. Please help.,"@817381 Hey Brooke, help's here! You can update your payment method any time by choosing subscriptions on your account page. Check this out for more info: https://t.co/BShdiBtHc4. Let us know how it goes /JJ",premium_subscription,billing_charge,AUTO_HANDLE,AUTO_HANDLE,Notification to update credit card details; guidance on updating payment method in account page
g0113,@SpotifyCares Not on my desktop right now. But it's Windows 10. And app tries to start and then shuts down after seconds.,"@139560 Thanks for letting us know. Best thing to try here is a reinstall. When you get the chance, just follow the steps here: https://t.co/5rTl0ob08l. Let us know how it goes /JY",device_platform,app_crash_bug,AUTO_HANDLE,AUTO_HANDLE,Desktop app crashes seconds after startup on Windows 10; application crash troubleshooting
g0114,"@SpotifyCares Most of the ads are too loud, significantly louder than music is. It's on all platforms and devices. Need to implement some kind of avg loudness req",@632935 Thanks for taking the time to reach out – we've passed this on to our Ads team. Let us know if there's anything else we can help you with /NQ,playback_error,premium_subscription,AUTO_HANDLE,AUTO_HANDLE,Feedback about excessive ad volume compared to music; ad-supported Free tier feedback
g0115,hello my spotify problem still hasnt fixed and i realized it was bc of my country in apple id since its on korea 😩 so i had to cancel my applemusic subscription as well BUT FUCKING BITCH IT WASNT CANCELLED I STILL HAVE TO WAIT FOR FEW WEEKS TO CANCEL MY MEMBERSHIP IM MAD,"@255309 Hey there, we've come to the rescue! Could you DM us your account's username or email address? We'll check backstage /RE https://t.co/ldFdZRiNAt",content_unavailable,premium_subscription,AUTO_HANDLE,ESCALATE,Country mismatch between Apple ID and Spotify account preventing access; complex cross-service region dispute requires account investigation
g0116,"@SpotifyCares i’m using windows 7 on desktop, and everytime i try to open the program is gives me this, which only started happening 2 days ago. i do reinstall it like it says but i have to reinstall everytime i want to turn on my computer https://t.co/A4DSWkXDOR","@251614 Once done, just download a new installer at https://t.co/cgbgyQ4C7a and reinstall the app. Let us know how it plays out /DF",device_platform,app_crash_bug,AUTO_HANDLE,AUTO_HANDLE,Persistent Windows 7 client crash requiring repeated reinstalls; application bug troubleshooting
g0117,"I love how @115888 keeps giving me reasons NOT to give money to them. WHY IN THE WORLD IS SPOTIFY RUNNING ON MY PHONE WHEN I'M PLAYING IT ON MY DESKTOP? And there seems to be no way to disable this. 

Back to youtube and deezer I go then","@226664 Hey, sorry to hear you feel that way. Not to worry, we can help on this. Can you fire over your account's email address or username via DM? We'll check things out /AY https://t.co/ldFdZRiNAt",billing_charge,device_platform,AUTO_HANDLE,AUTO_HANDLE,Confusion over Spotify running concurrently on mobile and desktop; device playback behavior guidance
g0121,"@SpotifyCares I can't log into Spotify via my Facebook account - ""You don't have an account set up with these Facebook credentials.   Sign up for one now.""  I try to sign up for one, but my email is already used.  I need to have my email and/or Facebook account removed.","@817377 Hey there, help's here! Can you DM us your account's email address? We'll take a look backstage 🔍 /TX https://t.co/ldFdZRiNAt",content_unavailable,account_login,AUTO_HANDLE,AUTO_HANDLE,Facebook credential login conflict with existing email; account login/linking troubleshooting
g0122,"@SpotifyCares yo could you all improve your shuffle feature, like add an accumulator so that each time a song doesn't play it increases its chance of playing next? I have 1300+ songs in my library but feel like I have a similar cluster of songs come up everytime listen :(",@794169 Hey! We’ve recently made some improvements to our shuffle algorithm. We’d love to hear your feedback here: https://t.co/T3vZnSL3od /DF,playlist_library,playlist_library,AUTO_HANDLE,AUTO_HANDLE,Feedback and suggestions for improving shuffle algorithm randomness; playlist/library feature feedback
g0127,My @115888 it's okay now 😍 I can download and stream all the songs of @133324  💜💜💜,@131452 Nice. Glad to hear it's all good. Just let us know if we can help with anything else. https://t.co/m4HWSbgHVZ /GK,offline_download,offline_download,AUTO_HANDLE,AUTO_HANDLE,Confirmation of resolved download and streaming capability; offline download confirmation
g0128,Hey @115888 you wanna tell me why I'm still getting those stupid suggested tracks on my app when I have the setting for it turned off? I wanna listen to my music and no one else's.,"@253493 Hi there! This is part of our Free service on mobile. More info here: https://t.co/UabipIXUxe. To reduce the number of Suggested Tracks you get, try adding more artists into your playlists. Let us know if there's anything else /AP",playlist_library,premium_subscription,AUTO_HANDLE,AUTO_HANDLE,Complaint about suggested tracks playing on mobile Free tier; Free tier feature limitations
g0129,@SpotifyCares Yes they are up to date. I just have an issue when I'm listening to a playlist sometimes it will pause the song. And the only way to fix it is to start the song again,"@230511 Gotcha. Can you try logging out, restarting the device, then logging back in? Does that help at all? /JE",playlist_library,playback_error,AUTO_HANDLE,AUTO_HANDLE,Music pauses unexpectedly during playlist playback; playback pausing issue
g0131,"@SpotifyCares Just signed up for premium during the 99 cent/three month trial. However my username is not right. I know I need to close the account and basically start over, but can I do this while keeping the trial going? Thanks!",@138952 Hi Paul! Could you DM us your account's email address so we can check backstage? /FJ https://t.co/ldFdZRiNAt,account_login,,AUTO_HANDLE,,
g0132,Yo @115888 @117168 someone need trying to use my account while I’m using it right now.. we’re literally battling between Christmas and Mexican music right now. How do I cut them off??,"@784816 Hey there! Head to https://t.co/cnaaFIwigZ and click Sign Out Everywhere. We'd also recommend changing your password to something super secure, just to be safe /NQ",playback_error,,AUTO_HANDLE,,
g0133,@spotifycares are you offering ‘Fade Away’ from Selah Sue at any point?  I like the song and it’s not there.,"@442191 Hi Debora! Just to check, are you referring to this track: https://t.co/5V7twar8it? /AU",playback_error,,ESCALATE,,
g0136,"@SpotifyCares 
Reset password
The CSRF token is invalid. Please try to resubmit the form.
Please fix this!!!!!!!!!!!!!!!!!!!",@137951 Hey Kelli! We've replied to your DM. Check your inbox /LM,account_login,,AUTO_HANDLE,,
g0137,"@SpotifyCares Hi-I have been adding missing songs to my playlists from my Local Files and this has worked great until today. Today, when I drop and drop my local files to my playlist it replaces them with wrong approximate matches. How do I stop this?",@238736 Hey Andy! Can you try to edit the track name before uploading the file? Let us know how it goes /SJ,playlist_library,,AUTO_HANDLE,,
g0138,"@SpotifyCares hey so a while back i tweeted about Spotify premium not transferring over local files to my iPhone SO I changed the WiFi I was using on both devices, uninstalled on both, logged out on both etc. But still not working???","@422461 Hey, thanks for the update. Could you fire over your account's email address or username via DM? We'll take a look under the hood /AY https://t.co/ldFdZRiNAt",premium_subscription,,AUTO_HANDLE,,
g0139,"@SpotifyCares Not that I noticed— just music then suddenly two back-to-back ads, which I’ve been getting on PC, too. I wouldn’t mind, if it wasn’t for the 30-minutes thing on mobile. But a general explanation as to why im getting double ads in general works too.","@802640 Thanks for confirming! Just to check, did you definitely watch the video ad that grants you 30 minutes ad-free listening in full after hearing the offer? /JM",playback_error,,AUTO_HANDLE,,
g0141,@115888 how about an incognito feature for songs and albums?Sometimes u just wanna listen to Christmas or classical music all day but don’t want 20 similar recommendations,"@242337 Hey! This sounds like a great idea. Suggest it in our Community at https://t.co/CTw7YUvlcF and get support from other users. If you need anything else, just shout and we'll come running 🏃 /PK",playback_error,,AUTO_HANDLE,,
g0142,@118266 @118266 berarti premium punya saya sampai tanggal 26 Februari kan yaa?,"[Prior Context]: Hi @118266 , ini kan ada promo 3 bulan premium 49.990. Trs saya bayar krn tertarik, apakah acc saya terdaftar selama 3 bulan premium / hanya 1 bulan saja? https://t.co/J5FubUhMQ7 | [Agent Reply]: @710889 Hey! We can help out in English via Twitter, but we also have Indonesian support via email at https://t.co/ZgU70TbP8M /QI",premium_subscription,,AUTO_HANDLE,,
g0143,@SpotifyCares i try to upgrade my account to premium version using phone credits as my paymemt method. My phone credit was cutted but my account wasn't got upgrade. Pls help. Thanks!,@821797 Hey Stephanie! Help's here. Can you DM us your account's username and email address? We'll check backstage /JL https://t.co/ldFdZRiNAt,premium_subscription,,AUTO_HANDLE,,
g0146,"Hey @SpotifyCares I'm having trouble loggin in with my facebook. It say that I don't have an account. 

Then when I try to sign up with FB I get that an account already exists. 

I can't submit a support ticket with you guys on your support form b/c I can't sign in. Help Please!","@232845 Hey there, we're here to help! Could you DM us your account's email address? We'll check backstage for you /BX https://t.co/ldFdZRiNAt",account_login,,AUTO_HANDLE,,
g0147,"@SpotifyCares recently gifs on @TwitterSupport have been pausing music while I watch them despite lack of sound. iOS 11.1.2, iPhone 7 Plus, Spotify 8.4.28.1104, Twitter 7.12. I don’t remember this happening before maybe last week","@796697 Hey Matt! Did the issue happen after a specific update? Does logging out, fully closing the app, and restarting your device help? /KC",device_platform,,AUTO_HANDLE,,
g0150,"@SpotifyCares when im listening to music it states that i can click the thing to get 30 minutes of ad free listening but when i go to click the part that has been there in the past, its not there so i cant do anything. it has done this about three times since i started listening today",@225902 That doesn't sound good! Did the app crash at any point during the 30 minutes? That can cause the ad-free time to reset /DD,playback_error,,AUTO_HANDLE,,
g0152,"@SpotifyCares I got an email for a $99/year offer, but when I tried to sign up it tells me I'm not eligible, but that I can upgrade my account to premium (which it already is) at any time and redirects me to a family plan sign up page.","@236882 Hey Nicki, help's here! Can you DM us your account's username and email address? We'll check it out backstage 🔍 /LX https://t.co/ldFdZRiNAt",premium_subscription,,AUTO_HANDLE,,
g0156,"@SpotifyCares win 7 ultimate 64 bits. spotify 1.0.68.407.g6864aaaf. and not, logging or rebooting doesn't work, because every time it updates, it reinstates the boot with windows option. i've even killed the windows startup process, but it's there every time it updates again and again","@786592 Got it. Spotify will revert to opening automatically after each update, but we appreciate the feedback. We'll pass it on /AQ",device_platform,,AUTO_HANDLE,,
g0157,@SpotifyCares they’re still there but all my downloads were deleted and the albums saved have half the songs missing now,@791311 That's strange. Can you DM us your account's username or email address? We'll check things backstage /MU https://t.co/ldFdZRiNAt,playlist_library,,AUTO_HANDLE,,
g0159,@148611 @SpotifyCares I just cancelled my premium subscription cos you guys are giving me the hardest time paying my subscription via mobile payment. Pls do something about this!!! I loaded 300 in total using 2 phones! 150 for each phone 😭 https://t.co/iohEDY3SlL,"@717830 @115888 Hi there! Don't worry, we'll sort this out. Can you send us a DM with your account's email address? We'll check behind the scenes /NJ https://t.co/ldFdZRiNAt",billing_charge,,AUTO_HANDLE,,
g0160,"@115888 Hello, I'm from Chile and I have been paying a family plan for 5 months. However, I am not able to use it, because I can not add more users to the family plan.
What can I do to solve this? I really want the service that you are offering.",@515029 Hi there! Can you DM us your account's email address or username? We'll take a look backstage /NQ https://t.co/ldFdZRiNAt,premium_subscription,,AUTO_HANDLE,,
g0164,@115888 for iPhone X needs an update. Car Bluetooth isn’t always sending song data and controls don’t work.,"@794906 Hey, help's here! Can you let us know your car's make/model, phone operating system, and Spotify version? We'll see what we can suggest /JZ",device_platform,,AUTO_HANDLE,,
g0169,@SpotifyCares hi can you explain why my username is always random numbers and letters when i sign up,"@144793 We'd love to take a look at your account, so we can check your username. Can you DM us your account's email address first? /RB",account_login,,AUTO_HANDLE,,
g0170,@SpotifyCares I’m unable to reset my password. I sent you guys a DM,@609618 Hi! We've just dropped you a DM. Check it out /JE,account_login,,AUTO_HANDLE,,
g0171,"Me: @SpotifyCares I need help resetting my password. Spotify help: Sorry to hear this, I'm here to help (disconnect). All day long :(","@263157 Hey, the cavalry's here! What's happening exactly? Are you getting any specific error messages when you try resetting your password? We'll see what we can suggest /NJ https://t.co/ldFdZRiNAt",account_login,,AUTO_HANDLE,,
g0177,"Another day, another device @115888 randomly connects to and plays randomly chosen music through. 🙄 How do I stop this from happening without constantly having to unconnect bluetooth? @SpotifyCares","@805853 Hey, that's not cool! Before anything else, can you DM us your account's email address or username? Knowing what device/version of Spotify you're using would also be helpful. Once we have this info, we'll check it out 🔍 /LJ https://t.co/ldFdZRiNAt",playback_error,,AUTO_HANDLE,,
g0178,@SpotifyCares having issues with premium not working for my account on mobile device,@219168 Hi Mikayla! Help's here. Can you DM us your account's username or email address? We'll check things backstage /MU https://t.co/ldFdZRiNAt,premium_subscription,,AUTO_HANDLE,,
g0179,does anyone here ever made payment via molpay for Spotify premium..how ??,@813774 Hi there! Could you DM us your account's email address so we can check backstage? /FJ https://t.co/ldFdZRiNAt,billing_charge,,AUTO_HANDLE,,
g0184,"@SpotifyCares @228595 Gutted, just missed my Vodafone free 2 Years premium by 1 day ahhhh","@228593 Hey Sam, sorry to hear you feel that way. Can you DM us your account's email address or username? We'll check things out /AY https://t.co/ldFdZRiNAt",premium_subscription,,AUTO_HANDLE,,
g0185,Hey @SpotifyCares can y’all activate my premium. Or can I have my money back?,"@223445 Hey there, help's here! Can you DM us your account's email address/username? We'll check backstage /MO https://t.co/ldFdZRiNAt",billing_charge,,AUTO_HANDLE,,
g0187,@SpotifyCares hi my premium account was stolen and had the email changed without my permission and I would really appreciate some help with this,"@251952 Hey, we’re sorry to hear that. Check out https://t.co/iVpg60w61i for what to do next /NQ",premium_subscription,,ESCALATE,,
g0194,"@SpotifyCares hey y'all! I saw that reputation by Taylor Swift is in your library, but I can't play any of the songs besides the ones that were in your system prior to today. Can you tell me when the blacked-out songs will be available to stream?","@139553 Hey there! Taylor Swift's 'Reputation' isn't available to stream just yet. For now, be sure to check out the singles: https://t.co/3h0TnPWP0c 🙂 /JI",playlist_library,,AUTO_HANDLE,,
g0196,"@SpotifyCares A restart seems to have fixed the black screen issue. However it still switches to offline mode between sessions (on both wifi and data,).","@224968 Thanks for letting us know. It's not ideal, but can you try reinstalling the app? Just follow the steps at https://t.co/PDA2aKzC6Q. Let us know if that helps /CE",app_crash_bug,,AUTO_HANDLE,,
g0198,@spotifycares please contact me because someone is using my credit card number through fraud and I have no spotify account but there are monthly charges on my statement. I don't want to create a spotify acct and confuse this issue. Card is cancelled but I need charges to stop too,"@797224 Hey Julie! Don't worry, we'll sort things out. Can you DM us any email addresses you have? /KC https://t.co/ldFdZRiNAt",billing_charge,,ESCALATE,,
g0001,"@116380 can you please add General Public, most especially their song Tenderness, to SpotifyAU? My 80s mix isn’t complete without it 🤧",@663311 Hi there. We'd love to have them on Spotify! Hopefully we will in the future. Check this out: https://t.co/MEjmIRL2eB /GT,playback_error,,AUTO_HANDLE,,
g0002,"@SpotifyCares I just wanna how may i do to add a buttom or link to my playlist. So, I attach a screenshot to let you see what i'm talking about, thank you. https://t.co/tRCrEXh0oS","@299176 Hey Carlos! The cavalry's here. Just to check, are you looking into embedding your Spotify playlist on your website or blog? /KB",playlist_library,,AUTO_HANDLE,,
g0008,@SpotifyCares Version 8.4.29.289 on Android Oreo 8.0.0,"@138951 Got it. Can you try to log out of your account &gt; restart your device &gt; and log back in to see if it helps? If you can reply with the exact make and model of your device, that'd be great /HR",device_platform,,AUTO_HANDLE,,
g0013,"@SpotifyCares No streaming with Sonos possible, are you aware?","@139565 Hi there, help's here! We're looking into this with Sonos at the moment. We'll have it back up and running as soon as we can. Let us know if you need anything else /AV",device_platform,,AUTO_HANDLE,,
g0014,@SpotifyCares From here it the songs never changes after pressing play all or it will restart the song when im in game. What can be done about this. I can't be more clear than this. https://t.co/HurYjuUd0M,@417471 Got it. Can you try the troubleshooting steps that are on this link: https://t.co/5ROV3Uy9he? Keep us posted /SJ,playback_error,,AUTO_HANDLE,,
g0024,@115888 no #Fridayonelmstreet tracks on rap cavier playlist? 🤦🏾‍♂️ it cant be all trash trap music.,@786591 Hey. Can you send us the Playlist Link? Just tap the three dots &gt; Share &gt; Copy Link. We'll check things out /AY,playlist_library,,AUTO_HANDLE,,
g0025,"@SpotifyCares Even remotely relate. Your alogrthims are either screwed, or you assume jazz/blues/folk is related to country. Insulting just thinking about it",@147607 We're sorry you feel this way. We’re always testing things in order to improve and your inputs helps us a lot. Check out Daily Mix and Release Radar in the meantime. Let us know if you need help with anything else 🙂 /BP,content_unavailable,,AUTO_HANDLE,,
g0032,@SpotifyCares how do I view the full featured artists instead of seeing the dots? When the song is playing it doesn’t even list the features https://t.co/cNkHFMl1KV,"@525136 Hey, help's here! While the track is selected, the featured artists should scroll through allowing you to see them all. Currently, it's not possible to see them on the album page. We'll let the right team know it's something you'd like to see. Keep rocking 🤘 /TX",playback_error,,AUTO_HANDLE,,
g0040,"@SpotifyCares where's Bonzo goes to Bitburg by Ramones? In fact, the whole album, Animal boy, is not available. Wtf.","@125856 Hey Lucas! Just to check, what country is your Spotify account set to? /MT",content_unavailable,,AUTO_HANDLE,,
g0048,"@SpotifyCares hi! My Spotify app on my Galaxy S7 Edge always freezes when I reach a certain song, to the point that even restarting my phone does nothing. Can you help?",@249297 Hey there! Can you try reinstalling the app using the steps here: https://t.co/PDA2aKzC6Q? Let us know how it plays out /LM,playback_error,,AUTO_HANDLE,,
g0051,@3072  @115888  Android version on Pixel 2 XL. Update cuts off bottom bar titles. https://t.co/mEURnx0wiI,@228087 Hi Richard! That's odd. Can you try logging out &gt; restarting your phone &gt; logging back in to see if it helps? Keep us posted /MU,device_platform,,AUTO_HANDLE,,
g0052,@SpotifyCares Hey there! Would love it if you could add my music to Acoustic Concentration or a similar playlist. Love getting my music onto new playlists.,@805858 Hey Glenn! Our Curation team are independent so there's no formal submission process. Check out https://t.co/BSrd71XWKW to help you gain visibility /KL,playlist_library,,AUTO_HANDLE,,
g0055,@SpotifyCares iPhone 6 on 3 ...it’s only happened recently all my updates are done so I don’t understand why,@157530 Thanks. Can you DM us your username or email address so we can take a closer look? /JU https://t.co/ldFdZRiNAt,device_platform,,AUTO_HANDLE,,
g0059,How the heck do you listen to music when @115888 is down😫,@810668 Hey there! Everything should be running smoothly now. Let us know if you're still getting issues /GS,playback_error,,AUTO_HANDLE,,
g0060,Seriously pissed off @115888 for blocking(suddenly) THE BEST song on @28787 live CD. WTF. #PremiumGetsYaNowhere,@772188 Hey Patti! Sometimes content gets removed due to licensing changes. Hopefully we'll have it available again soon. Check this out: https://t.co/1dgftcFtzc /AR,playback_error,,AUTO_HANDLE,,
g0061,"@SpotifyCares iPhone 8plus, iOS 11.1.2, 8.4.28.1104","@136356 Thanks. Just to check, is this happening on all your downloaded songs or just your Albums? /XF",device_platform,,AUTO_HANDLE,,
g0062,"@SpotifyCares So yeah, your app. I’m just intrigued as to wether I could be getting an even better sound as the @137949 speaker is the absolute bollocks 🙏🏼","@199354 Thanks for confirming. At the moment, we're afraid it’s not possible to adjust audio settings while Spotify Connect is active. We're taking all the feedback on this. No worries, we'll make sure to pass on your thoughts to the right folks /RC",device_platform,,AUTO_HANDLE,,
g0064,@SpotifyCares Yo I appreciate it. This is a recommendation of a push notification feature for playlist updates.,"@786435 We're currently not sending this type of notification, but we're passing on all feedback about this. Rest assured we'll let the team know you'd like to see this feature /AY",playlist_library,,AUTO_HANDLE,,
g0070,@SpotifyCares some of my songs in my library are not playing at all!!!,"@257826 Hey Kaylie! Just to check, are those songs grayed-out? Sending us your device, operating system, and Spotify app version would be handy too /PC",playlist_library,,AUTO_HANDLE,,
g0074,"@115888 i watched the video 174892 times, when do i get my 30 minutes of ad free music?","@787263 Hey, that doesn't sound good! Did the app crash at any point during the 30 minutes? That can cause the ad-free time to reset /RE",playback_error,,AUTO_HANDLE,,
g0084,"@SpotifyCares Hey, Add ""Miss You"" by @3212 on ""Today's Top Hits"" playlist! @115888",@260318 Hey! We've just sent a DM your way. Check your Messages /MV,playlist_library,,AUTO_HANDLE,,
g0090,"@SpotifyCares Getting error message ""Can't play song"" for everything. Tried all the step in the troubleshooting website. Any advice?","@808368 Hi, help's here! Can you let us know your device, operating system, and Spotify version? We'll be waiting for your reply /MG",app_crash_bug,,AUTO_HANDLE,,
g0094,@SpotifyCares When i hit the play button nothing happens at all. It stopped in the middle of a song.,"@220867 Thanks! Could you send us your device's make/model, operating system, and Spotify version? We'll try to find the solution for your issue /JP",playback_error,,AUTO_HANDLE,,
g0098,"@SpotifyCares Just checked, worked straight away on my daughter's iPhone using linked family Spotify account.",@135361 Alright. Can you DM us your account's username or email address? We'll check backstage /NG https://t.co/ldFdZRiNAt,device_platform,,AUTO_HANDLE,,
g0100,@115888 would you like to explain how Portuguese opera music is related to my favorite British pop band? @15790 https://t.co/C73hfCXzWO,@819952 @3537 @3212 @328645 @234 Hey there! Can you send us a DM with your account's email address or username? We'll check backstage /AR https://t.co/ldFdZRiNAt,playback_error,,AUTO_HANDLE,,
g0110,"So @115888 @SpotifyCares how many ads one after another is enough? I had at least 4 ads so far, i wonder if I’ll ever hear music?","@786907 Hey there! Thanks for your feedback - we'll pass it on. For now, check out https://t.co/WB5TSxRfDe if you haven't had a subscription before 🙂 /MA",playback_error,,AUTO_HANDLE,,
g0111,"@SpotifyCares The past month or two has been an absolutely horrific user experience. Why is the platform degrading—getting more buggy? Patch your bugs or I'm gone. In the meantime, I'll take a two month refund/credit.","@238837 Hey Ali, that's not cool! Can you tell us more about what's happening and what device, operating system, and Spotify app you're rocking? We'll see what we can suggest /RA",billing_charge,,ESCALATE,,
g0118,"@115888 pls stop recommending me country music, Niall's album is folk-pop, there's a difference. 😭","@560002 Hey there, thanks for the feedback – we appreciate it! We’ll get this passed onto the right team /NQ",content_unavailable,,AUTO_HANDLE,,
g0120,@115888 why isn't @21502's Where are you Christmas on here???? It would make my Christmas playlist a 12/10🔥🔥🔥,"@226102 Hey Victoria! Fingers crossed we'll be able to have it soon, but there's info about Spotify content here: https://t.co/1dgftcFtzc /LO",playlist_library,,AUTO_HANDLE,,
g0124,@SpotifyCares Sorry - why would I want to revoke access? I want to use Spotify on my sonos..:,@399891 It's worth to try doing this to refresh the link between your Spotify and Sonos device. You might be prompted to reconnect your Sonos account after. Let us know how you get on /PL,device_platform,,AUTO_HANDLE,,
g0125,"@SpotifyCares no, i turned off the notifs sounds because i thought that was the problem! snapchat is one of the main ones. sometimes the music just shuts off out of nowhere. im the only one that uses my spotify account","@153882 Can you DM us your account's username or email address, along with the model and version of your iOS device? We'll check things backstage /MU https://t.co/ldFdZRiNAt",playback_error,,AUTO_HANDLE,,
g0126,@115888 I want to use @159550 to get my podcast on Spotify. How can I get it in the podcast category instead on the music section?,"@803988 Hey James, thanks for your interest! For more info on getting your podcast on Spotify, check out: https://t.co/D5baW5biel /KL",playback_error,,AUTO_HANDLE,,
g0134,omg my Spotify won’t play at the same time I’m on Twitter what is going on someone help @123765 @115888,"@793165 Hey Jordi, we're here to help! Can you let us know your device, operating system, or Spotify version? We'll see what we can suggest /JP",playback_error,,AUTO_HANDLE,,
g0148,"@SpotifyCares Phone: Samsung Galaxy 6, OS: Android 7.0, Spotify Version: 8.4.28.875.",@515019 Got it. Does logging out &gt; restarting your device &gt; logging back in help at all? Keep us posted /MT,device_platform,,AUTO_HANDLE,,
g0151,@SpotifyCares are you guys going to fix the notoriously bad Roku TV app? It is literally unusable.,@262832 Hi Allen! We have some info about the Spotify app on Roku here: https://t.co/1nqkZkn6JX. Give us a shout if there's anything else /DV,device_platform,,AUTO_HANDLE,,
g0155,"@115888 why'd I get charged twice this month, once for normal 10 second for 15","@689325 Hi Jon! Don't worry, we'll sort this out. Could you send us a DM with your account's email address and username? We'll check under the hood /NJ https://t.co/ldFdZRiNAt",billing_charge,,ESCALATE,,
g0161,@115888 Why is this happening? I always listen through Alexa. https://t.co/0A41wwlx20,"@820501 Hi there. Don't worry, we'll look into this. Can you tell us what device, operating system, and app version you're using? We'll see what we can suggest /JU",device_platform,,AUTO_HANDLE,,
g0166,"@115888 do you guys have a different idea of how long 30 minutes is? Because ""30 minutes of ad free music"" isn't 30 minutes.","@794539 Hey, that doesn't sound good! Did the app crash at any point during the 30 minutes? That can cause the ad-free time to reset /SJ",playback_error,,AUTO_HANDLE,,
g0173,@SpotifyCares It did not crash no. Was just quite irritating is all,"@777593 Thanks for confirming. Just to check, did you definitely watch the video ad that grants you 30 minutes ad-free listening in full after hearing the offer? /RS",app_crash_bug,,AUTO_HANDLE,,
g0175,I wanna be a @115888 playlist creator. Hire me. Plz,"@797428 Hey there! For any job openings, you can check here: https://t.co/c1Z94oBFOl, or contact the folks at @7997 😁 /NS",playlist_library,,AUTO_HANDLE,,
g0176,when can i stream pitbulls greatest hits album ? @115888,"@236083 Fingers crossed we'll be able to have it soon, but there's info about Spotify content here: https://t.co/1dgftcFtzc /VK",playback_error,,AUTO_HANDLE,,
g0180,"@115888 why tf does your app play ‘suggested music’ instead of the actual music I want, even when I’ve turned off auto play?","@803634 Hey there! To reduce the number of Suggested Tracks you get, try adding more artists into your playlists. Let us know how that works for you /TF",playback_error,,AUTO_HANDLE,,
g0182,@SpotifyCares Sorry. Today's problem was with Google Play Music. I was just comparing the experience to what you guys did to me a few years ago.,"@812740 Don't worry, we'll make sure to pass this on to the relevant folks. If you need a hand with anything else, don't hesitate to tweet us back /RC",playback_error,,AUTO_HANDLE,,
g0183,@SpotifyCares how would I go about recovering a stolen premium account?,"@137942 Hey Leonerd, we’re sorry to hear that. Check out https://t.co/iVpg60w61i for what to do next /NG",premium_subscription,,ESCALATE,,
g0186,"@SpotifyCares I have troubles saving data to SD card on android. Reinstalling, changing settings, remounting, clearing cache ... nothing works. There is quite a lot of people with the same issue. Do you have any solutions to this?","@319584 Hey there, help's arrived! Just to check, have you tried the steps here: https://t.co/XCTHa5LFPS? Can you also know if you're getting any error messages? /LS",offline_download,,AUTO_HANDLE,,
g0189,anybody else having an issue getting @115888 to connect to a @118117 at all? Won't play through the Spotify app or Sonos controller?!,"@231899 Hey Joe! Thanks for letting us know. Everything should be back up and running again soon. For anything else, we're just a tweet away /JP",device_platform,,AUTO_HANDLE,,
g0191,"@SpotifyCares Hello, i have a probelm with sign up in application ""iphone"" ;)","@811140 Hey there, help's here! Just to check, are you trying to create a Spotify account? Also, what country are you currently in? We'll see what we can suggest /RE",device_platform,,AUTO_HANDLE,,
g0199,@SpotifyCares This is not a problem of my specific instance of the app. This is a problem of the Android app in general.,"@228252 No worries! We have some info about cookies, other technologies and third-party data collection here: https://t.co/NI0SLWnjC2, check it out /L",device_platform,,AUTO_HANDLE,,
g0200,"Hi @115888, how does one get ones music onto one of your prestigious playlists? A ‘Focus’ based one perhaps?",@796696 Hey there! Our Curation team are independent so there's no formal submission process. Check out https://t.co/6BMOmfiZvQ to help you gain visibility 🙂 /KC,playback_error,,AUTO_HANDLE,,
